name,location
clinic,POINT (72.5004199 23.2406148)
clinic,POINT (72.4936362 23.2407571)
clinic,POINT (72.6408583 23.2152027)
clinic,POINT (72.5015174 23.2383163)
clinic,POINT (72.494743 23.227846)
clinic,POINT (72.4933326 23.2464945)
clinic,POINT (72.5948399 23.3121862)
clinic,POINT (72.5028176 23.2525385)
clinic,POINT (72.5025964 23.2411199)
clinic,POINT (72.495422 23.243222)
clinic,POINT (72.4948812 23.2498357)
clinic,POINT (72.5086122 23.246433)
clinic,POINT (72.4944304 23.2403871)
clinic,POINT (72.4956214 23.2424869)
clinic,POINT (72.5953233 23.3126051)
clinic,POINT (72.504865 23.2351913)
clinic,POINT (72.6380643 23.2090721)
clinic,POINT (72.6531711 23.227907)
clinic,POINT (72.6361499 23.2072732)
clinic,POINT (72.629041 23.178993)
clinic,POINT (72.6580999 23.2346906)
clinic,POINT (72.637304 23.181673)
clinic,POINT (72.652791 23.2344)
clinic,POINT (72.6154503 23.2239143)
clinic,POINT (72.6387319 23.1989368)
clinic,POINT (72.6083933 23.1898721)
clinic,POINT (72.668298 23.229615)
clinic,POINT (72.6367501 23.1761355)
clinic,POINT (72.6704365 23.239073)
clinic,POINT (72.659152 23.2329268)
clinic,POINT (72.6419467 23.2059926)
clinic,POINT (72.6397689 23.2163869)
clinic,POINT (72.6531515 23.2281393)
clinic,POINT (72.636617 23.178224)
clinic,POINT (72.630058 23.211776)
clinic,POINT (72.6474108 23.2447781)