name,location
hospital,POINT (72.6406327 23.2182682)
hospital,POINT (72.6417108 23.2152591)
hospital,POINT (72.6420844 23.2147844)
hospital,POINT (72.6410054 23.1774456)
hospital,POINT (72.6485549 23.2295913)
hospital,POINT (72.646942 23.2269079)
hospital,POINT (72.641845 23.2196609)
hospital,POINT (72.5753408 23.1764265)
hospital,POINT (72.5010726 23.2401161)
hospital,POINT (72.5003548 23.2407385)
hospital,POINT (72.5000206 23.2409219)
hospital,POINT (72.6446103 23.3515082)
hospital,POINT (72.6428381 23.2150357)
hospital,POINT (72.6493518 23.2448913)
hospital,POINT (72.6835687 23.326277)
hospital,POINT (72.5008647 23.2397411)
hospital,POINT (72.6336991 23.2054057)
hospital,POINT (72.6686785 23.2324833)
hospital,POINT (72.7287599 23.2219327)
hospital,POINT (72.6491037 23.2157197)
hospital,POINT (72.6585478 23.2327889)
hospital,POINT (72.4965122 23.2423264)
hospital,POINT (72.4990569 23.239823)
hospital,POINT (72.6429936 23.2147805)
hospital,POINT (72.6500317 23.2318942)
hospital,POINT (72.6539639 23.2321814)
hospital,POINT (72.6536769 23.4269561)
hospital,POINT (72.6500127 23.426201)
hospital,POINT (72.5045098 23.2439523)
hospital,POINT (72.5004651 23.2403073)
hospital,POINT (72.7744809 23.2214705)
hospital,POINT (72.6467058 23.2117744)
hospital,POINT (72.4962124 23.2393412)
hospital,POINT (72.633166 23.2045854)
hospital,POINT (72.6591412 23.2329639)
hospital,POINT (72.6132895 23.1924861)
hospital,POINT (72.6500431 23.4262516)
hospital,POINT (72.7299522 23.2241535)
hospital,POINT (72.6299769 23.2127432)
hospital,POINT (72.5857745 23.167703)
hospital,POINT (72.6535855 23.4263564)
hospital,POINT (72.635417 23.2905947)
hospital,POINT (72.6517484 23.4276809)
hospital,POINT (72.4941049 23.2404989)
hospital,POINT (72.4987971 23.2423011)
hospital,POINT (72.6541825 23.2363356)
hospital,POINT (72.6406256 23.2149386)
hospital,POINT (72.6585925 23.2344371)
hospital,POINT (72.627894 23.201649)
hospital,POINT (72.6641113 23.4241717)
hospital,POINT (72.7353243 23.3476909)
hospital,POINT (72.4975721 23.2428353)
hospital,POINT (72.648888 23.406702)
hospital,POINT (72.494818 23.239235)
hospital,POINT (72.4994876 23.2408269)
hospital,POINT (72.4969658 23.2410842)
hospital,POINT (72.49332 23.240666)
hospital,POINT (72.6533408 23.4260553)
hospital,POINT (72.6531954 23.4264592)
hospital,POINT (72.4952308 23.2405112)
hospital,POINT (72.6537046 23.4254866)
hospital,POINT (72.493656 23.2369014)
hospital,POINT (72.4942831 23.2401344)
hospital,POINT (72.4958918 23.2406493)
hospital,POINT (72.494934 23.242125)
hospital,POINT (72.5011793 23.2400076)
hospital,POINT (72.6500591 23.419619)
hospital,POINT (72.494341 23.240822)
hospital,POINT (72.494113 23.239836)
hospital,POINT (72.653328 23.426028)
hospital,POINT (72.497042 23.239734)
hospital,POINT (72.5071455 23.2223753)
hospital,POINT (72.5676192 23.3007032)
hospital,POINT (72.6536182 23.4259108)
hospital,POINT (72.494048 23.2404454)
hospital,POINT (72.5003125 23.2328095)
hospital,POINT (72.651513 23.427457)
hospital,POINT (72.65368 23.42272)
hospital,POINT (72.503137 23.240989)
hospital,POINT (72.4942212 23.2404099)
hospital,POINT (72.494609 23.242093)
hospital,POINT (72.5027125 23.2426265)
hospital,POINT (72.4969554 23.2411182)
hospital,POINT (72.554261 23.383901)
hospital,POINT (72.497147 23.246432)
hospital,POINT (72.4943458 23.2397946)
hospital,POINT (72.642215 23.215334)
hospital,POINT (72.6517603 23.2435941)
hospital,POINT (72.636785 23.208854)
hospital,POINT (72.6955764 23.2423717)
hospital,POINT (72.633425 23.179368)
hospital,POINT (72.6538077 23.2303964)
hospital,POINT (72.633633 23.256938)
hospital,POINT (72.6341167 23.206201)
hospital,POINT (72.6423782 23.2152171)
hospital,POINT (72.6512288 23.2439097)
hospital,POINT (72.6365927 23.2112394)
hospital,POINT (72.652228 23.230505)
hospital,POINT (72.6217901 23.1857862)
hospital,POINT (72.6385544 23.1926044)
hospital,POINT (72.6366046 23.2085838)
hospital,POINT (72.6412383 23.2048436)
hospital,POINT (72.647255 23.2453065)
hospital,POINT (72.6129583 23.1691147)
hospital,POINT (72.646697 23.20793)
hospital,POINT (72.634087 23.179407)
hospital,POINT (72.635791 23.207234)
hospital,POINT (72.6668603 23.2297988)
hospital,POINT (72.670634 23.25575)
hospital,POINT (72.636715 23.208897)
hospital,POINT (72.641134 23.2151883)
hospital,POINT (72.636462 23.2107329)
hospital,POINT (72.6436861 23.2088303)
hospital,POINT (72.653491 23.229151)
hospital,POINT (72.6606658 23.2464106)
hospital,POINT (72.639305 23.211897)
hospital,POINT (72.6421536 23.215199)
hospital,POINT (72.6599674 23.2355099)
hospital,POINT (72.6470661 23.2468343)
hospital,POINT (72.636796 23.208987)
hospital,POINT (72.668528 23.266121)
hospital,POINT (72.746797 23.1777)
hospital,POINT (72.726203 23.219372)
hospital,POINT (72.700156 23.181426)
hospital,POINT (72.6280818 23.1817847)